elapsed_s,rss_kb
0,2616
60,4796
120,4796
180,4796
240,4796
300,4796
360,4796
420,4796
480,4788
540,4788
600,4788
660,4788
720,4788
780,4788
840,4788
900,4788
960,4788
1020,4788
1080,4788
1140,4788
1200,4788
1261,4724
1321,4248
1381,4248
1441,4248
1501,4248
1561,4248
1621,4248
1681,4248
1741,4248
1801,4248
1861,4248
1921,4248
1981,4248
2041,4248
2101,3444
2161,3404
2222,3400
2282,3400
2342,3400
2402,3400
2462,3400
2522,3400
2582,3396
2643,3396
2703,3396
2763,3396
2823,3396
2883,3396
2943,3396
3003,3388
3063,3340
3123,3340
3183,3340
3243,3340
3303,3340
3363,3340
3423,3340
3483,3340
3543,3340
3603,3340
3663,3340
3723,3340
3783,3340
3843,3340
3903,3340
3963,3340
4023,3340
4083,3340
4143,3340
4203,3340
4263,3340
4323,3340
4383,3340
4443,3340
4503,3340
4563,3340
4623,3340
4683,3340
4744,3340
4804,3340
4864,3340
4924,3340
4984,3340
5044,3340
5104,3340
5164,3340
5224,3340
5284,3340
5344,3340
5404,3340
5464,3340
5524,3340
5584,3340
5644,3340
5704,3340
5764,3340
5824,3340
5884,3340
5944,3340
6004,3340
6064,3340
6124,3340
6184,3340
6244,3340
6304,3340
6364,3340
6424,3340
6484,3340
6544,3340
6604,3340
6664,3340
6724,3340
6784,3340
6844,3340
6904,3340
6964,3340
7024,3340
7084,3340
7144,3340
7204,3340
7264,3340
7324,3340
7384,3340
7444,3264
7504,3264
7564,3264
7624,3264
7684,3264
7744,3264
7804,3264
7864,3264
7924,3264
7984,3264
8044,3264
8104,3264
8164,3264
8224,3264
8284,3264
8344,3264
8404,3264
8464,3264
8524,3264
8584,3264
8644,3264
8704,3264
8764,3264
8824,3264
8884,3264
8944,3264
9004,3264
9064,3264
9124,3264
9184,3264
9244,3264
9304,3264
9364,3264
9424,3264
9484,3264
9544,3264
9604,3264
9665,3264
9725,3264
9785,3264
9845,3264
9905,3264
9965,3264
10025,3264
10085,3264
10145,3264
10205,3264
10265,3264
10325,3264
10385,3264
10445,3264
10505,3264
10565,3264
10625,3264
10685,3264
10745,3264
10805,3264
10865,3264
10925,3264
10985,3264
11045,3264
11105,3264
11165,3264
11225,3264
11285,3264
11345,3264
11405,3264
11465,3264
11525,3264
11585,3264
11645,3264
11705,3264
11765,3264
11825,3264
11885,3264
11945,3264
12005,3264
12065,3264
12125,3264
12185,3264
12245,3264
12305,3264
12365,3264
12425,3264
12485,3264
12545,3264
12605,3264
12665,3264
12725,3264
12785,3264
12845,3264
12905,3264
12965,3264
13025,3264
13085,3264
13145,3264
13205,3264
13265,3264
13325,3264
13385,3264
13445,3264
13505,3264
13565,3264
13625,3264
13685,3264
13745,3264
13805,3264
13865,3264
13925,3264
13985,3264
14045,3264
14105,3264
14165,3264
14225,3264
14285,3264
14345,3264
14405,3264
14465,3264
14525,3264
14585,3264
14645,3264
14706,3264
14766,3264
14826,3264
14886,3264
14946,3264
15006,3264
15066,3264
15126,3264
15186,3264
15246,3264
15306,3264
15366,3264
15426,3264
15486,3264
15546,3264
15606,3264
15666,3264
15726,3264
15786,3264
15846,3264
15906,3264
15966,3264
16026,3264
16086,3264
16146,3264
16206,3264
16266,3264
16326,3264
16386,3264
16446,3264
16506,3264
16566,3264
16626,3264
16686,3264
16746,3264
16806,3264
16866,3264
16926,3264
16986,3264
17046,3264
17106,3264
17166,3264
17226,3264
17286,3264
17346,3264
17406,3264
17466,3264
17526,3264
17586,3264
17646,3264
17706,3264
17766,3264
17826,3264
17886,3264
17946,3264
18006,3264
18066,3264
18126,3264
18186,3264
18246,3264
18306,3264
18366,3264
18426,3264
18486,3264
18546,3264
18606,3264
18666,3264
18726,3264
18786,3264
18846,3264
18906,3264
18966,3264
19026,3264
19086,3264
19146,3264
19206,3264
19266,3264
19326,3264
19386,3264
19446,3264
19506,3264
19566,3264
19626,3264
19686,3264
19746,3264
19807,3264
19867,3264
19927,3264
19987,3264
20047,3264
20107,3264
20167,3264
20227,3264
20287,3264
20347,3264
20407,3264
20467,3264
20527,3264
20587,3264
20647,3264
20707,3264
20767,3264
20827,3264
20887,3264
20947,3264
21007,3264
21067,3264
21127,3264
21187,3264
21247,3264
21307,3264
21367,3264
21427,3264
21487,3264
21547,3264
21607,3264
21667,3264
21727,3264
21787,3264
21847,3264
21907,3264
21967,3264
22027,3264
22087,3264
22147,3264
22207,3264
22267,3264
22327,3264
22387,3264
22447,3264
22507,3264
22567,3264
22627,3264
22687,3264
22747,3264
22807,3264
22867,3264
22927,3264
22987,3264
23047,3264
23107,3264
23167,3264
23227,3264
23287,3264
23347,3264
23407,3264
23467,3264
23527,3264
23587,3264
23647,3264
23707,3264
23767,3264
23827,3264
23887,3264
23947,3264
24007,3264
24067,3264
24127,3264
24187,3264
24247,3264
24307,3264
24367,3264
24427,3264
24487,3264
24547,3264
24607,3264
24667,3264
24727,3264
24788,3264
24848,3264
24908,3264
24968,3264
25028,3264
25088,3264
25148,3264
25208,3264
25268,3264
25328,3264
25388,3264
25448,3264
25508,3264
25568,3264
25628,3264
25688,3264
25748,3264
25808,3264
25868,3264
25928,3264
25988,3264
26048,3264
26108,3264
26168,3264
26228,3264
26288,3264
26348,3264
26408,3264
26468,3264
26528,3264
26588,3264
26648,3264
26708,3264
26768,3264
26828,3264
26888,3264
26948,3264
27008,3264
27068,3264
27128,3264
27188,3264
27248,3264
27308,3264
27368,3264
27428,3264
27488,3264
27548,3264
27608,3264
27668,3264
27728,3264
27788,3264
27848,3264
27908,3264
27968,3264
28028,3264
28088,3264
28148,3264
28208,3264
28268,3264
28328,3264
28388,3264
28448,3264
28508,3264
28568,3264
28628,3264
28688,3264
28748,3264
28808,3264
28868,3264
28928,3264
28988,3264
29048,3264
29108,3264
29168,3264
29228,3264
29288,3264
29348,3264
29408,3264
29468,3264
29528,3264
29588,3264
29648,3264
29708,3264
29768,3264
29828,3264
29889,3264
29949,3264
30009,3264
30069,3264
30129,3264
30189,3264
30249,3264
30309,3264
30369,3264
30429,3264
30489,3264
30549,3264
30609,3264
30669,3264
30729,3264
30789,3264
30849,3264
30909,3264
30969,3264
31029,3264
31089,3264
31149,3264
31209,3264
31269,3264
31329,3264
31389,3264
31449,3264
31509,3264
31569,3264
31629,3264
31689,3264
31749,3264
31809,3264
31869,3264
31929,3264
31989,3264
32049,3264
32109,3264
32169,3264
32229,3264
32289,3264
32349,3264
32409,3264
32469,3264
32529,3264
32589,3264
32649,3264
32709,3264
32769,3264
32829,3264
32889,3264
32949,3264
33009,3264
33069,3264
33129,3264
33189,3264
33249,3264
33309,3264
33369,3264
33429,3264
33489,3264
33549,3264
33609,3264
33669,3264
33729,3264
33789,3264
33849,3264
33909,3264
33969,3264
34029,3264
34089,3264
34149,3264
34209,3264
34269,3264
34329,3264
34389,3264
34449,3264
34509,3264
34569,3264
34629,3264
34689,3264
34749,3264
34809,3264
34870,3264
34930,3264
34990,3264
35050,3264
35110,3264
35170,3264
35230,3264
35290,3264
35350,3264
35410,3264
35470,3264
35530,3264
35590,3264
35650,3264
35710,3264
35770,3264
35830,3264
35890,3264
35950,3264
36010,3264
36070,3264
36130,3264
36190,3264
36250,3264
36310,3264
36370,3264
36430,3264
36490,3264
36550,3264
36610,3264
36670,3264
36730,3264
36790,3264
36850,3264
36910,3264
36970,3264
37030,3264
37090,3264
37150,3264
37210,3264
37270,3264
37330,3264
37390,3264
37450,3264
37510,3264
37570,3264
37630,3264
37690,3264
37750,3264
37810,3264
37870,3264
37930,3264
37990,3264
38050,3264
38110,3264
38170,3264
38230,3264
38290,3264
38350,3264
38410,3264
38470,3264
38530,3264
38590,3264
38650,3264
38710,3264
38770,3264
38830,3264
38890,3264
38950,3264
39010,3264
39070,3264
39130,3264
39190,3264
39250,3264
39310,3264
39370,3264
39430,3264
39490,3264
39550,3264
39610,3264
39670,3264
39730,3264
39790,3264
39851,3264
39911,3264
39971,3264
40031,3264
40091,3264
40151,3264
40211,3264
40271,3264
40331,3264
40391,3264
40451,3264
40511,3264
40571,3264
40631,3264
40691,3264
40751,3264
40811,3264
40871,3264
40931,3264
40991,3264
41051,3264
41111,3264
41171,3264
41231,3264
41291,3264
41351,3264
41411,3264
41471,3264
41531,3264
41591,3264
41651,3264
41711,3264
41771,3264
41831,3264
41891,3264
41951,3264
42011,3264
42071,3264
42131,3264
42191,3264
42251,3264
42311,3264
42371,3264
42431,3264
42491,3264
42551,3264
42611,3264
42671,3264
42731,3264
42791,3264
42851,3264
42911,3264
42971,3264
43031,3264
43091,3264
43151,3264
43211,3264
43271,3264
43331,3264
43391,3264
43451,3264
43511,3264
43571,3264
43631,3264
43691,3264
43751,3264
43811,3264
43871,3264
43931,3264
43991,3264
44051,3264
44111,3264
44171,3264
44231,3264
44291,3264
44351,3264
44411,3264
44471,3264
44531,3264
44591,3264
44651,3264
44711,3264
44771,3264
44831,3264
44891,3264
44952,3264
45012,3264
45072,3264
45132,3264
45192,3264
45252,3264
45312,3264
45372,3264
45432,3264
45492,3264
45552,3264
45612,3264
45672,3264
45732,3264
45792,3264
45852,3264
45912,3264
45972,3264
46032,3264
46092,3264
46152,3264
46212,3264
46272,3264
46332,3264
46392,3264
46452,3264
46512,3264
46572,3264
46632,3264
46692,3264
46752,3264
46812,3264
46872,3264
46932,3264
46992,3264
47052,3264
47112,3264
47172,3264
47232,3264
47292,3264
47352,3264
47412,3264
47472,3264
47532,3264
47592,3264
47652,3264
47712,3264
47772,3264
47832,3264
47892,3264
47952,3264
48012,3264
48072,3264
48132,3264
48192,3264
48252,3264
48312,3264
48372,3264
48432,3264
48492,3264
48552,3264
48612,3264
48672,3264
48732,3264
48792,3264
48852,3264
48912,3264
48972,3264
49032,3264
49092,3264
49152,3264
49212,3264
49272,3264
49332,3264
49392,3264
49452,3264
49512,3264
49572,3264
49632,3264
49692,3264
49752,3264
49812,3264
49872,3264
49932,3264
49992,3264
50053,3264
50113,3264
50173,3264
50233,3264
50293,3264
50353,3264
50413,3264
50473,3264
50533,3264
50593,3264
50653,3264
50713,3264
50773,3264
50833,3264
50893,3264
50953,3264
51013,3264
51073,3264
51133,3264
51193,3264
51253,3264
51313,3264
51373,3264
51433,3264
51493,3264
51553,3264
51613,3264
51673,3264
51733,3264
51793,3264
51853,3264
51913,3264
51973,3264
52033,3264
52093,3264
52153,3264
52213,3264
52273,3264
52333,3264
52393,3264
52453,3264
52513,3264
52573,3264
52633,3264
52693,3264
52753,3264
52813,3264
52873,3264
52933,3264
52993,3264
53053,3264
53113,3264
53173,3264
53233,3264
53293,3264
53353,3264
53413,3264
53473,3264
53533,3264
53593,3264
53653,3264
53713,3264
53773,3264
53833,3264
53893,3264
53953,3264
54013,3264
54073,3264
54133,3264
54193,3264
54253,3264
54313,3264
54373,3264
54433,3264
54493,3264
54553,3264
54613,3264
54673,3264
54733,3264
54793,3264
54853,3264
54914,3264
54974,3264
55034,3264
55094,3264
55154,3264
55214,3264
55274,3264
55334,3264
55394,3264
55454,3264
55514,3264
55574,3264
55634,3264
55694,3264
55754,3264
55814,3264
55874,3264
55934,3264
55994,3264
56054,3264
56114,3264
56174,3264
56234,3264
56294,3264
56354,3264
56414,3264
56474,3264
56534,3264
56594,3264
56654,3264
56714,3264
56774,3264
56834,3264
56894,3264
56954,3264
57014,3264
57074,3264
57134,3264
57194,3264
57254,3264
57314,3264
57374,3264
57434,3264
57494,3264
57554,3264
57614,3264
57674,3264
57734,3264
57794,3264
57854,3264
57914,3264
57974,3264
58034,3264
58094,3264
58154,3264
58214,3264
58274,3264
58334,3264
58394,3264
58454,3264
58514,3264
58574,3264
58634,3264
58694,3264
58754,3264
58814,3264
58874,3264
58934,3264
58995,3264
59055,3264
59115,3264
59175,3264
59235,3264
59295,3264
59355,3264
59415,3264
59475,3264
59535,3264
59595,3264
59655,3264
59715,3264
59775,3264
59835,3264
59895,3264
59955,3264
60015,3264
60075,3264
60135,3264
60195,3264
60255,3264
60315,3264
60375,3264
60435,3264
60495,3264
60555,3264
60615,3264
60675,3264
60735,3264
60795,3264
60855,3264
60915,3264
60975,3264
61035,3264
61095,3264
61155,3264
61215,3264
61275,3264
61335,3264
61395,3264
61455,3264
61515,3264
61575,3264
61635,3264
61695,3264
61755,3264
61815,3264
61875,3264
61935,3264
61995,3264
62055,3264
62115,3264
62175,3264
62235,3264
62295,3264
62355,3264
62415,3264
62475,3264
62535,3264
62595,3264
62655,3264
62715,3264
62775,3264
62835,3264
62895,3264
62955,3264
63015,3264
63075,3264
63135,3264
63195,3264
63255,3264
63315,3264
63375,3264
63435,3264
63495,3264
63555,3264
63615,3264
63675,3264
63735,3264
63795,3264
63855,3264
63915,3264
63975,3264
64036,3264
64096,3264
64156,3264
64216,3264
64276,3264
64336,3264
64396,3264
64456,3264
64516,3264
64576,3264
64636,3264
64696,3264
64756,3264
64816,3264
64876,3264
64936,3264
64996,3264
65056,3264
65116,3264
65176,3264
65236,3264
65296,3264
65356,3264
65416,3264
65476,3264
65536,3264
65596,3264
65656,3264
65716,3264
65776,3264
65836,3264
65896,3264
65956,3264
66016,3264
66076,3264
66136,3264
66196,3264
66256,3264
66316,3264
66376,3264
66436,3264
66496,3264
66556,3264
66616,3264
66676,3264
66736,3264
66796,3264
66856,3264
66916,3264
66976,3264
67036,3264
67096,3264
67156,3264
67216,3264
67276,3264
67336,3264
67396,3264
67456,3264
67516,3264
67576,3264
67636,3264
67696,3264
67756,3264
67816,3264
67876,3264
67936,3264
67996,3264
68056,3264
68116,3264
68176,3264
68236,3264
68296,3264
68356,3264
68416,3264
68476,3264
68536,3264
68596,3264
68656,3264
68716,3264
68776,3264
68836,3264
68896,3264
68956,3264
69016,3264
69076,3264
69137,3264
69197,3264
69257,3264
69317,3264
69377,3264
69437,3264
69497,3264
69557,3264
69617,3264
69677,3264
69737,3264
69797,3264
69857,3264
69917,3264
69977,3264
70037,3264
70097,3264
70157,3264
70217,3264
70277,3264
70337,3264
70397,3264
70457,3264
70517,3264
70577,3264
70637,3264
70697,3264
70757,3264
70817,3264
70877,3264
70937,3264
70997,3264
71057,3264
71117,3264
71177,3264
71237,3264
71297,3264
71357,3264
71417,3264
71477,3264
71537,3264
71597,3264
71657,3264
71717,3264
71777,3264
71837,3264
71897,3264
71957,3264
72017,3264
72077,3264
72137,3264
72197,3264
72257,3264
72317,3264
72377,3264
72437,3264
72497,3264
72557,3264
72617,3264
72677,3264
72737,3264
72797,3264
72857,3264
72917,3264
72977,3264
73037,3264
73097,3264
73157,3264
73217,3264
73277,3264
73337,3264
73397,3264
73457,3264
73517,3264
73577,3264
73637,3264
73697,3264
73757,3264
73817,3264
73877,3264
73937,3264
73997,3264
74057,3264
74117,3264
74178,3264
74238,3264
74298,3264
74358,3264
74418,3264
74478,3264
74538,3264
74598,3264
74658,3264
74718,3264
74778,3264
74838,3264
74898,3264
74958,3264
75018,3264
75078,3264
75138,3264
75198,3264
75258,3264
75318,3264
75378,3264
75438,3264
75498,3264
75558,3264
75618,3264
75678,3264
75738,3264
75798,3264
75858,3264
75918,3264
75978,3264
76038,3264
76098,3264
76158,3264
76218,3264
76278,3264
76338,3264
76398,3264
76458,3264
76518,3264
76578,3264
76638,3264
76698,3264
76758,3264
76818,3264
76878,3264
76938,3264
76998,3264
77058,3264
77118,3264
77178,3264
77238,3264
77298,3264
77358,3264
77418,3264
77478,3264
77538,3264
77598,3264
77658,3264
77718,3264
77778,3264
77838,3264
77898,3264
77958,3264
78018,3264
78078,3264
78138,3264
78198,3264
78258,3264
78318,3264
78378,3264
78438,3264
78498,3264
78558,3264
78618,3264
78678,3264
78738,3264
78798,3264
78858,3264
78918,3264
78978,3264
79038,3264
79098,3264
79158,3264
79218,3264
79279,3264
79339,3264
79399,3264
79459,3264
79519,3264
79579,3264
79639,3264
79699,3264
79759,3264
79819,3264
79879,3264
79939,3264
79999,3264
80059,3264
80119,3264
80179,3264
80239,3264
80299,3264
80359,3264
80419,3264
80479,3264
80539,3264
80599,3264
80659,3264
80719,3264
80779,3264
80839,3264
80899,3264
80959,3264
81019,3264
81079,3264
81139,3264
81199,3264
81259,3264
81319,3264
81379,3264
81439,3264
81499,3264
81559,3264
81619,3264
81679,3264
81739,3264
81799,3264
81859,3264
81919,3264
81979,3264
82039,3264
82099,3264
82159,3264
82219,3264
82279,3264
82339,3264
82399,3264
82459,3264
82519,3264
82579,3264
82639,3264
82699,3264
82759,3264
82819,3264
82879,3264
82939,3264
82999,3264
83059,3264
83119,3264
83179,3264
83239,3264
83299,3264
83359,3264
83419,3264
83479,3264
83539,3264
83599,3264
83659,3264
83719,3264
83779,3264
83839,3264
83899,3264
83959,3264
84019,3264
84079,3264
84139,3264
84199,3264
84259,3264
84319,3264
84380,3264
84440,3264
84500,3264
84560,3264
84620,3264
84680,3264
84740,3264
84800,3264
84860,3264
84920,3264
84980,3264
85040,3264
85100,3264
85160,3264
85220,3264
85280,3264
85340,3264
85400,3264
85460,3264
85520,3264
85580,3264
85640,3264
85700,3264
85760,3264
85820,3264
85880,3264
85940,3264
86000,3264
86060,3264
86120,3264
86180,3264
86240,3264
86300,3264
86360,3264
